1	-0.46427649	-0.55504787	-0.8428431	-0.86589548	-0.93639631	-0.81726995	-0.26361216	-1.2580483	-1.2503934	-0.91830825	-0.92210226	-0.98448828	-1.2880511	-1.14346	-1.0488611	-0.36538582	-0.6913952	-0.98055025	-0.99133601	-0.88708673	-1.109881	-0.7687248	-1.0102962	-0.84699606	-1.3277464	-0.7129093	-1.2977275	1.3314643	0.9357379	1.2360468	1.0560677	0.91074495	1.3713479	0.93705876	0.91029198	0.93108664	1.4937796	1.3192656	1.2190887	0.94836262	0.16902251	0.97739879	1.2301476	0.57156683	0.75134091	0.96185121	0.7813122	1.1044295	1.0003177	0.5507251	0.2688748	1.1255209	1.0758635	1.071738	1.1544819	0.75940186	0.1511864	1.0202768	1.2572739	1.007149	1.1624171	0.82999734	1.4850935	1.1050903	1.5393173	1.1156157	1.8913625	1.3900586	1.1566925	1.5148579	1.6335918	0.8102606	0.67666423	0.7093935	1.3614136	1.3123797	0.59160823	0.83192841	1.0970562	0.96495583	0.92592252	1.236138	1.1216699	0.934699	1.2165038	-1.6066345	-0.59477544	-0.75663256	-0.56605888	-0.64849922	-0.65649255	-0.53225104	-0.11504817	-0.57315237	-0.54118282	-0.70008673	-1.198927	-0.95269931	-0.99828204	-0.82499015	-0.38078029	-0.47659767	-0.60136144	-0.36936332	-1.2990449	-0.91839479	-1.2648127	-0.99193767	-0.80557657	-0.9209508	-0.36623347	-0.34636283	-1.0469164	-0.91466684	-0.91156991	-0.98677519	-1.2189544	-0.52962015	-1.3310856	-1.0837	-1.0179615	-0.91602872	-1.1342892	-0.92022369	-0.7893615	-0.63870583	-0.96366425	-1.2451691
1	-0.89697208	-0.68568553	-1.3513818	-1.4586668	-1.1653456	-1.4039293	-1.8217996	-0.83160109	-1.0163124	-0.8035304	-1.2595048	-1.1392341	-0.87865203	-1.5487249	-0.9241581	-1.3954822	0.77660864	1.1007268	1.1898043	0.37514764	0.94718837	0.8037129	1.1572852	0.88679201	1.0371525	0.81501468	0.79083989	0.54121132	0.85833113	0.6733739	0.44458719	-0.12183138	0.91967102	0.89427478	0.80638547	0.5112767	1.3442117	0.52779297	0.87990115	0.46565962	1.2067151	1.1078581	0.45690166	1.1775873	1.0002784	0.47618669	0.054943551	0.44948949	1.3881744	0.96731215	0.935913	0.83772833	0.91058116	1.3660553	1.0687999	0.75227263	0.57201394	1.0940482	0.64761495	0.52963184	0.49755932	0.52642423	1.1162464	0.66113631	1.2357508	0.31843227	0.83835116	0.74050564	0.020784929	1.0730881	0.58364943	0.52286438	0.76806246	0.027951249	0.53486554	1.1600764	0.67329933	0.51511586	0.73101048	0.5570519	0.67391781	0.73782329	0.75758656	0.61341014	0.84436953	0.23092281	0.81072267	0.46563657	1.0585618	1.0508045	0.26099808	0.52559198	0.74542894	1.2730537	-1.4380408	-1.0470122	-1.2866546	-1.4821578	-1.5307109	-0.78511009	-0.9609462	-1.1873674	-1.2784164	-1.6042832	-1.0709812	-1.6754713	-1.3659584	-0.75949943	-1.2358024	-0.92424488	-0.42304976	-0.79458906	-0.56249325	-1.149179	-1.5818938	-1.776748	-1.0813674	-1.7331049	-1.0625534	-1.5686762	-1.3640403	-1.1551774	-0.99586114	-1.1637529	-0.91652327	-0.58209806	-1.2590094	-1.3925241
1	-0.46469596	-0.56773891	-0.032022764	-0.63504562	-0.60282554	-0.26685628	-0.26706128	-0.9310423	-0.44938186	-0.721342	-0.39727192	-0.96212589	-1.4206669	-0.78343411	-0.46238569	-1.1762238	-0.50163816	-0.584869	-0.57916338	-0.92129812	-0.71637765	-0.54778741	-0.99084424	-0.1464663	-0.72003478	1.158976	0.67671541	1.4286689	1.4453657	1.3205576	1.4358162	1.6939661	1.4803887	1.4028043	1.8014574	1.5814726	1.5377314	1.3303783	1.0161996	1.4841267	1.5328158	1.0457726	1.4242055	1.0835608	1.5208966	1.2577513	1.749913	1.2473777	1.0419142	0.94787535	1.0744766	0.9034059	1.5118825	1.3927594	1.3001539	0.83813719	1.2572091	1.2913822	0.93309089	1.1321494	1.298867	1.0872863	0.88443021	1.7116547	1.8816051	2.0142497	1.3582739	1.7428998	-0.19463403	-0.69161289	-0.78410605	-1.0456777	-0.91260367	-0.63809814	-0.51336585	-0.71901813	-0.62510201	-1.0947156	-0.40827834	-0.84970078	-0.34610102	-0.5330766	-0.29911195	-0.95372887	-1.016798	-0.6437622	-0.18258826	-0.59371171	-0.95491166	-0.83566602	-0.068534801	-0.99655287	-0.57530227	-0.87850965	-0.57300108	-1.3124475	-0.76434711	-1.298105	-0.66551315	-1.1346855	-0.75601977	-0.2016297	-0.52347124	-0.54736059	-0.64955961	-0.50296123	-1.0486008	-0.42731485	-0.52852383	-0.37242231	-0.53581141	-1.0670652	-0.27533836	-1.2613407	-0.64488319	-0.64730097	-0.61908114	-1.5555533	-0.28672132	-0.63715759	-0.15526015	-0.68812931	-0.88560876	-0.76623926	-0.86531525	-0.2844857	-0.68788913	-0.88760835
3	-0.18718975	-0.62080772	-0.8156607	-0.52139796	-0.7904229	-0.96751744	-1.4870063	-0.27788714	-0.83507474	0.050591042	-0.81116835	-1.2260083	-0.66836044	-0.7766806	0.064061697	-1.2536498	-0.78899054	-0.93422178	-1.093595	-0.60790424	-0.70272797	0.018322662	2.9755749	2.6772836	2.3958002	1.4215092	1.977175	2.5777637	1.7979973	2.0809778	2.4283404	2.0555506	1.8967239	1.5432423	1.4445971	1.8116056	1.9956928	1.2824535	1.1622186	0.63753639	1.1706085	1.9631356	0.77109913	1.3564084	1.0688878	0.96622252	0.63150802	1.3243248	0.57754829	0.61924619	0.70973118	0.71686112	0.064235197	0.7860755	0.4293552	-0.12929447	0.26692621	-0.22292191	-0.52256375	-0.1557771	-0.98339485	-0.17329176	-0.1129916	0.068609936	0.062064246	-0.98737725	-0.15782312	-0.87530832	-0.66774572	-0.75006786	-0.64379824	-0.22634059	-1.0331616	-1.097429	-0.079633469	-0.69675432	-0.12881874	-0.38258671	-0.62352101	0.082143312	-0.60174991	-0.80802295	-0.68654657	-0.75632934	0.25401883	0.16849676	-0.89879383	0.31496567	-0.64039093	0.054908869	-1.0610227	-0.11451285	-0.42844578	-0.22686661	-0.54112199	-0.53973069	-0.14083218	-1.0528451	-0.031281577	-0.29194234	-0.33121468	-0.84529663	-0.32301285	-1.7707148	-0.35247098	-0.80546958	-1.1035997	0.0432535	-0.14961907	-0.11649553	-0.30163771	0.68454403	-0.86974124	-0.23256939	-0.099145246	-0.62664079	-0.67594493	-0.13114944	-0.90861539	-0.72628649	0.18377755	-0.73744409	-1.1139967	-0.39398661	-0.5878895	-0.60823187	-0.63646459	-0.34902865
2	-1.1360166	-1.3191953	-1.8446238	-0.78869178	-0.2517154	-1.4876032	-0.66876407	-0.34036037	-1.0463815	-0.31221353	-1.0314417	-1.200578	-0.65047603	-1.6195842	-0.41275132	-1.0506705	-1.1751243	-0.42783798	-1.2002837	-0.58726538	-1.1734667	-0.31876559	-1.7099666	-1.6916216	-1.0547829	-1.3315449	-0.68978191	-0.74499051	-0.98390993	-1.191218	-0.54900341	0.58491821	-0.59228439	-0.7627931	-0.28296076	-0.43538394	0.12619921	-0.32895937	-1.4540955	-0.52808624	-0.090953766	0.079060275	-1.1441439	-1.0339176	-0.45585968	-0.53545457	-0.1334809	-0.23433913	0.05169767	0.70200814	0.23651687	0.45185518	-0.72237534	-1.2432526	0.46189042	0.53188484	0.36115854	0.035405192	0.31540263	0.53942624	0.18157946	-0.38117853	-0.038683201	0.58428663	-0.32397229	0.028542624	-0.11024854	-0.090853585	0.34444066	0.29367315	0.76985943	0.46189843	0.25674241	1.1647008	0.61771557	-0.2402001	0.67361208	0.20979055	0.75110981	1.0555208	-0.019858418	0.41397862	0.95529261	0.30307209	0.22678269	1.2696688	1.0237819	0.61068148	0.62766564	0.80483652	1.2576258	0.27824332	1.0116593	0.9481706	1.3131494	1.0568914	0.86802673	0.67285114	1.1699006	2.1533316	1.7303024	1.7757813	1.3131522	1.7217679	1.3942813	1.6833179	1.6204521	1.0843436	1.2366574	1.5008807	1.2621757	1.4077033	1.0258798	1.9108007	1.5197333	1.5488365	1.8204821	-1.5965186	-1.182911	-1.0735136	-1.6113624	-1.0643404	-0.97073635	-0.82728087	-0.95353773	-1.2701854	-1.7427579	-0.92594391
2	-0.56870868	-0.88811805	-0.047976584	-0.038036109	-0.48306827	-1.0946887	-0.95345287	-0.030006881	-0.79545456	-0.51445458	-0.71876142	-0.51627228	-1.0740292	-0.43143528	-0.70491401	0.081199243	-0.18071334	-0.41380542	-1.2541398	0.62861272	0.10925689	-0.40352451	0.29848983	-1.0170097	0.1060293	-0.32393784	-0.88263273	-0.078209774	-0.47673375	0.30925792	-0.68720484	-0.047918279	0.043894441	-0.24588905	1.4838271	0.47106999	-0.22834216	0.62188246	0.85074754	0.44598501	0.67410028	0.4381375	1.3025001	1.5158618	1.0840099	0.5290753	1.0051872	1.2504343	1.8793513	1.2464359	0.97652281	1.0508488	1.7077134	0.77998733	0.808501	1.9589051	2.5223094	1.6504349	1.9575071	1.9149208	1.9881925	2.3885283	2.6563402	3.2445649	2.5338502	2.2126811	-0.50017997	0.13632626	-0.1441732	0.10614366	-0.086865892	-1.2128345	0.052023116	0.28845924	-1.779425	-0.51452533	-0.61662303	-1.0129302	0.12700365	-0.9401846	-0.57215784	-0.4926672	-1.154128	-0.5546875	-1.4167936	-0.72366355	-0.4996501	-0.15871588	-0.021429563	-0.11397757	-1.606342	-0.43054809	-0.054970458	-1.4477832	0.040901319	-1.2090535	-0.66597733	0.17587064	-1.07419	-1.1357511	-0.85132687	-0.47887339	-1.2767027	0.019725047	-0.369314	-0.82186455	-0.80150441	-0.17233083	-0.60426942	-0.44592446	-0.44231209	0.0055312883	-0.96598956	-0.078308797	-0.53922905	-0.60782592	0.029041713	0.043836515	-0.99073975	0.51837462	-0.22856277	-0.56528868	-0.64299796	-1.1094278	-0.10109322	-0.23394901	-0.61982693	-0.083061887
1	-0.96583857	-1.6445832	-1.8059354	-1.4996576	-0.92008793	-1.1157058	-0.65019532	-0.91876634	-1.234708	-0.765662	-1.2495334	-1.7374618	-1.5279887	-0.079232916	-1.7740892	-1.4501069	-0.9725906	-1.1061039	-0.58549992	0.65617666	0.94089133	0.12330073	0.94435084	0.96544329	0.65410243	1.1691103	1.2845549	0.34596186	0.73807776	0.27179429	0.72811836	0.79492296	1.0091565	0.7691433	1.1298219	1.3305917	0.82651334	0.37205588	0.98891143	0.87252551	0.73939406	0.60514628	0.99366561	0.93322375	1.4217209	1.3159995	1.2065395	1.1228118	0.7358093	0.51280187	0.85147774	0.51404509	0.20156864	1.6538373	1.036961	1.1578274	0.70534037	0.98197564	0.6789268	0.59665527	1.3834939	1.0100946	0.64604429	0.69310586	0.4970414	0.72706147	0.61521183	1.4007762	0.86912179	0.63835202	0.86642328	0.6384956	0.70404453	1.1363315	1.2837752	0.3864867	0.71874969	0.71997736	0.37895821	0.49499763	0.7687245	1.1050209	0.69508478	1.2433819	0.60760536	0.90821337	0.70483591	1.2331982	0.88166856	0.79020946	-1.3857184	-1.1628863	-1.6174729	-0.83018522	-0.75270226	-1.3356085	-0.56848558	-1.0947592	-0.81530256	-0.83135334	-0.76034898	-1.4364913	-0.79126424	-0.89178136	-1.7557683	-0.98050679	-1.3844787	-0.91328611	-1.321919	-0.98416647	-0.84501669	-0.37496782	-0.50818539	-0.89320976	-1.2363849	-0.83926403	-0.74595696	-0.77100499	-1.0725346	-1.0630339	-1.3165634	-0.7357389	-1.0521517	-0.96046486	-1.1335659	-0.61034365	-1.1652195	-0.68589892
3	-0.26430177	-0.29092547	-0.59856716	-0.51886312	-0.48859389	-0.40709142	-1.0714885	-1.0957057	-0.58450283	-1.0579088	-1.2733656	-0.54356665	-0.71343161	-0.70303256	-0.74443222	1.9816132	1.6268814	1.8749989	2.4378736	1.4256901	1.6729608	1.6064739	1.9180064	1.6707558	2.5869829	2.8834608	1.6354691	0.87473842	1.921256	1.0056443	1.594676	1.7274531	1.5024944	1.9561263	1.0552201	1.0246788	0.65256714	0.59614373	1.6412489	0.45529184	1.6680644	1.4892405	0.5727659	1.0415091	0.50031883	0.33889612	0.52844496	-0.61851504	0.14136337	0.96112478	0.4253932	0.24802186	0.92684596	-0.070188438	0.36451597	-0.47655087	0.62904738	0.90695739	-0.096148713	-0.77196287	-0.048605278	-0.34020231	-0.46102363	-0.77281108	-0.24257945	0.15549482	-0.25178655	-0.30365765	0.43418061	-0.69933904	-0.61802117	0.37750898	-1.3355021	-0.3697338	-0.5588992	-0.21277602	-0.91734999	-0.8208569	-0.55675262	0.23776249	-0.25729069	-0.7700356	-0.12469113	-0.27058094	-0.73298115	-2.2955199	-0.52340239	-0.54268575	-0.72565473	-0.27888823	-0.58308652	-0.92216736	-0.65728573	-0.49785969	-0.53204225	-0.33290734	-1.346463	-0.25208281	-0.001863708	-1.1735002	-0.084336973	-0.17855893	-0.26426014	-0.55089842	-0.83157774	-0.38986338	-0.91872075	-0.6140899	-0.36568329	-1.3958669	-1.3833928	-0.22620111	0.19321364	-0.49249554	-1.1573979	-0.77052701	-0.8282208	-0.83609388	-1.1660852	-0.19188009	-0.12291072	-0.70074636	-0.58787039	-0.76991747	0.19209267	-1.4431544	-1.0394812	-0.63120869
2	-0.80371556	-0.048160532	-1.2992782	-1.0722798	-1.004018	-0.51145233	-1.1732155	-0.42206193	-0.77931962	-1.0305855	-0.93986722	-0.31624486	-1.0157915	-0.83954942	-0.88175329	-0.52385893	-1.4943161	-0.97704229	-1.1854062	-0.53754605	-0.90970421	-0.99280885	-0.14404907	-0.41761158	-0.92892552	-0.98542965	-0.74808792	-1.1212723	-0.59163954	-0.57610482	-0.34304568	-0.19215621	-0.63897524	0.05817203	0.39465613	0.14286705	-0.7212354	-0.47093988	-0.50914576	0.62108359	0.31205825	-0.64008943	0.12299694	-0.37004147	0.22541113	-0.33374307	-0.23195265	0.192395	0.83494802	0.80722088	0.41289603	0.53196335	0.066785425	0.47771411	0.84441627	-0.11677841	1.6858442	-0.092232764	1.4620247	0.58319725	0.76024985	0.89615231	1.0448882	1.5225677	0.13318418	0.85029089	1.1278408	0.57158159	1.2333739	0.93537058	0.10485428	1.6569312	1.4805752	1.217933	1.6881445	1.3160911	1.1768394	0.75154982	1.6960512	1.2029986	2.2688814	1.5618377	1.1802266	1.507661	1.574161	2.2195771	1.9527089	1.5847928	1.400484	2.4219723	1.9790782	1.5745662	1.8392649	-0.39215454	-0.62550815	-1.3916833	-0.60842231	-0.76520138	-0.92756696	-1.0459406	-0.89982213	0.0079994621	-1.0655061	-0.25011661	-0.55861856	-0.65189897	0.028629425	-0.8123752	-0.79399811	-1.0074848	-0.72315972	-0.62681193	-0.48690741	-0.27488328	-0.76919638	-0.9236149	-1.1266212	-0.054434835	-1.8488276	-0.54943211	-0.96826931	-0.35398297	-0.59589164	-0.60619449	-0.86444414	-0.70619191	-1.3886558	-0.65071018
1	-1.1864222	-0.89319697	-0.97773692	-0.63410927	-1.3848198	-1.2719261	-1.2121711	-1.4527917	-0.93441701	-1.1184247	-1.2555297	-0.55306942	-0.84833881	-0.59113391	-0.95791379	-1.1294229	-0.9333856	-0.58903566	-0.58371528	-1.1014271	0.95476609	0.4677592	0.70443666	0.57508016	0.7102151	0.91155929	1.2105112	0.36599212	0.90830843	0.87728523	1.1673055	0.63502291	0.69802271	1.0381243	1.241403	1.1632207	1.5124796	0.81784859	0.66386613	1.7044564	0.75935581	0.7499706	0.83270427	1.2227109	0.90232881	1.1781278	0.54886681	0.56644203	0.76870242	1.0623493	0.18623487	-0.11948312	0.95585314	0.51158409	1.462712	1.1588606	0.75850279	0.45966952	0.98474029	0.80175065	1.7173295	0.9307224	1.0411007	1.4962874	1.2666155	0.73145943	1.0237892	0.93556412	0.39382371	1.1901373	0.85285641	0.89362806	0.35903731	0.35618625	0.86502129	0.74456223	1.5008393	1.4479109	0.49838391	0.43684546	0.93109738	0.90552032	0.55607449	0.9899975	0.8946919	1.5009818	0.7706914	0.75863546	-1.1436141	-1.0805613	-0.95205716	-1.2515097	-0.91261756	-1.0911168	-0.82779204	-1.0440469	-0.65014	-1.0914775	-0.31658968	-0.431276	-0.77623122	-1.2922831	-1.4572163	-1.0416015	-1.1288245	-0.77138566	-0.91691058	-0.61768064	-0.33805487	-0.79184475	-1.0550173	-1.5572912	-1.3470454	-1.4064534	-1.2348963	-1.1200534	-0.72825908	-1.1416243	-0.85689341	-1.217625	-0.82365374	-1.2804516	-1.589396	-0.99829383	-0.81079982	-0.98159057	-1.2784443	-1.1078289
2	-0.65330839	-1.2951848	-0.45738382	-1.0920364	-1.6823461	-0.46181073	-0.099362417	-0.83480913	-0.63588089	-1.0005826	-0.70228705	-1.2797759	-0.44286476	-0.3440623	-0.2339989	0.1510754	-1.1041234	-0.39498416	-0.43615021	-0.34559941	-0.28136512	-1.5286384	-0.32386013	-0.049352715	-0.37726411	-0.7631592	-1.0340353	-0.33223679	-0.28020547	-0.13788494	0.2461653	0.42816063	-0.089478177	0.4907572	0.6713313	0.41295809	0.37913856	0.27176294	0.30765932	0.11743034	0.55011384	0.61144087	0.16105665	0.18432944	0.42309098	0.36570259	-0.11906285	0.85993058	1.082336	1.4303317	0.76717693	0.58821726	1.209132	1.7263926	1.4130937	0.55622778	1.7666853	1.136342	1.0546981	2.0321687	1.0086795	0.81622192	1.6454491	1.3510436	1.8168135	1.4182199	2.3461108	1.5772206	1.0167561	1.3038867	1.0051752	1.1306286	1.9063848	1.9867792	1.2194448	2.0920028	1.7855868	2.2143429	2.6234719	-0.60205801	-0.5823929	-0.84013819	-1.4115271	-1.3036277	-0.12561206	-1.2883188	0.33090539	-1.1722267	-0.66484887	-1.1317018	-0.033442328	-1.0777512	-0.79629789	0.17340493	-0.83124302	-0.48056904	-0.45282431	0.076791894	-0.5595014	-0.48696618	-0.57386694	-0.54531774	-0.93150711	-0.71814144	-1.1302302	-1.346708	-1.0330267	-0.85060372	-1.3217558	-0.42175307	-1.0300436	-0.65146576	-0.81487762	-0.33824566	-0.14223272	-1.6228883	-0.79138206	-1.3063309	-0.39105805	-0.35810938	-1.163435	-0.40071116	-0.40975972	-0.72094741	-0.33299027	0.54820399	-0.59622877	-0.19067185
2	-0.54187618	-1.016107	-1.0799024	-1.1856653	-0.79245206	-0.7545928	-0.057041218	-0.43711047	-1.071181	-1.4760344	0.47155477	-1.3671025	-0.60705672	-0.48991875	-0.45555956	-0.12168338	0.11616472	-0.45235069	-1.0259192	-0.24586055	-0.42968726	-0.2687588	-0.2634656	-1.2946923	-1.2626041	-0.50661322	-0.70429625	-0.45876713	-0.10284621	-0.18754201	0.31801101	0.38033778	-0.10167898	0.95464948	-0.66283014	-0.48062778	-0.077564941	0.52292285	0.30973786	-0.46564938	0.47058603	-0.56522324	-0.22816709	-0.08521383	0.19281564	1.7860352	0.48155655	1.0973496	0.79399451	1.2252601	0.34783848	1.0716023	1.3115848	0.46656292	-0.058372926	0.96954147	0.6994231	1.2123711	0.49644502	0.54857089	1.8987722	1.3407996	1.2230835	2.5368313	1.196893	2.6652291	1.1820102	1.4287987	3.0304417	2.3991742	2.3301131	2.4316461	2.0703542	2.29497	2.7239833	-0.32644669	-0.55558848	-0.31433502	-0.35673656	-0.75114824	-0.61599811	-0.097979738	0.15586988	-1.3202342	0.2205874	0.17990165	0.0066411391	-0.92876149	-0.91145413	0.5101775	-0.59035572	-0.37550026	0.57876452	-0.87096377	-0.81125156	-0.80150667	-0.15256987	-0.23639525	-0.30726272	-0.86733643	-0.21329762	-1.1290144	-0.58603304	-0.014825604	-0.62851536	-1.3924464	-0.56504878	-0.42840504	-0.84980539	-0.46236492	-0.58155991	-1.1812115	-0.64298681	-0.881281	-0.89986539	0.049549096	0.27991316	-0.83761424	-0.19540295	-0.13638201	0.32298378	-1.2331742	-0.9370792	-1.0478414	-0.56434825	-0.31455899	-1.1107676	0.10526572
1	-1.9453272	-1.4498402	-1.4889456	-1.8004841	-2.3130602	-1.7720853	-2.1548821	-1.3312254	-2.2651396	-1.8002112	-1.5211081	-2.3136114	-1.561571	-1.6647261	-2.0304364	-1.8441364	-1.3269888	-1.1846436	-1.3397858	-1.5957733	-1.4135873	-1.6941628	-1.9501844	-2.3001641	0.74808219	-0.57759913	-0.42445897	0.94431756	0.29521697	-0.14963383	0.87551438	0.090401134	0.48625435	0.12139845	0.15967936	0.28773209	0.22582485	0.84169322	1.1893239	-0.10440289	0.68141151	0.89665452	1.3251152	-0.069252989	0.68924579	-0.038613033	0.41765376	0.82191717	0.45904512	0.75300499	0.38800275	0.27517804	0.94957264	1.4344182	0.32825712	0.53519691	-0.078509298	0.77098689	0.37113048	0.65694497	0.43312937	1.3515205	1.0818091	0.63853277	0.62464036	0.8320766	0.010782965	0.64650968	0.13596977	0.96289747	1.1920667	0.35138022	1.1121026	0.10753398	0.34865793	0.24445621	0.081090089	0.50982885	0.8557744	0.78689226	0.65935304	0.59408489	0.11141785	0.22305162	0.70180545	-0.29958251	0.52543812	0.96316276	0.45454673	0.013857347	0.26865177	0.86404066	0.40360503	0.16291332	0.67818835	0.31607893	0.83863274	-0.015818773	0.15086338	0.33054018	0.35294863	-0.018754314	0.23211064	-0.32496165	0.84210966	0.57055189	0.13407062	0.27334854	-0.046006644	0.30515463	0.94640847	0.11022648	0.46676175	0.8589856	0.94712913	0.39697047	0.54327975	0.77569365	0.38997543	-0.18036944	0.55412087	0.6861262	0.69061802	0.62076416	0.92600816	-1.9410525	-2.1112366	-1.7680882
2	0.045628238	-1.1299653	-0.52060748	-1.0671846	-1.3322887	-0.86241869	-1.0303567	-1.0694771	-0.28594248	-1.2188799	-0.2853232	-0.26678976	-0.23816393	-0.52411757	-0.91334663	-1.4738832	-0.5042288	-0.56962935	-0.5336179	-0.39170401	-0.088669402	-0.24544549	-0.48796857	-1.0758748	-0.77054165	0.12178557	-0.60312755	-0.7284997	-0.96412858	-1.4459043	-0.36443777	-0.78603573	-0.57176608	-0.53897736	-0.3758589	0.23084154	-0.50682053	-0.64841152	0.13500388	0.51073524	0.047938769	0.30895249	-0.05311888	0.07806494	0.010870625	0.69882902	0.28065694	-0.0039492122	0.72663379	-0.74015296	-0.15465246	0.49140966	0.5761071	1.275402	0.71603016	0.69632866	0.96027291	0.21000276	0.67644428	0.44388457	0.3851856	-0.13249307	0.9118359	0.0072345174	1.4373747	1.4877386	0.87531103	1.4269118	1.3077878	0.11626513	0.89640734	1.1792771	1.6262948	1.3844436	1.7282625	1.4194429	2.2104051	2.372559	1.6112413	1.3484733	1.6273636	1.7479702	1.2611341	2.5174891	1.999826	2.1478803	2.1756302	1.9429213	2.6272376	-0.76337419	-0.72004567	0.14862199	-0.94812247	-0.77018497	-0.80356655	-0.89302881	-0.51130235	-0.78322643	-0.07052524	-0.48055259	-1.1270017	-1.2194503	-0.60405221	-0.80643776	-0.72657274	-0.4621805	-1.3699478	-1.3697154	-0.40403956	-1.486923	-0.41438953	-0.87914767	-0.50301729	-0.60799031	-0.47770134	-1.3624718	-1.0512259	-0.33106141	-0.2962114	-0.33196691	0.46703546	-0.32367753	-0.17948851	-0.2449603	-5.3901358e-05	-1.4092624	-0.78151173	-0.61823709
2	-0.41319747	-0.40093457	-0.48202739	-1.4029714	-1.6825953	-0.88150431	-0.96358359	-0.97870607	-1.3344809	0.088190119	-1.1303511	-1.3037927	-0.576292	-0.80818222	-0.76819006	-0.70830676	-0.63691403	-1.0719855	-1.2748177	-1.514769	-0.81623903	-1.4044429	-0.81263258	-0.6779068	-0.86784401	-1.4520855	-1.2336377	-0.56150592	-0.36480873	-0.35453427	-1.3857061	-0.50840131	-1.3755098	-0.36845643	-0.5430165	-0.8640374	0.14820155	-0.51513242	0.25196776	-0.29424833	-0.94827573	-0.85960674	-0.9363843	-1.1543855	-0.23640224	-0.28693648	-0.77107285	-0.30860765	-0.69329488	-0.069876712	0.12989544	0.61579106	-0.57197367	-0.99318404	0.33370436	0.084557966	0.01959336	0.20659802	-0.14756448	-0.57556637	-0.13514154	-0.098147428	0.27927747	0.41121266	0.41672231	0.51565615	0.94625747	0.61871638	0.27102965	0.34714263	-0.23681671	0.33968606	0.39937201	0.84288535	1.0511599	0.72297909	0.22431286	1.0912582	1.3643937	0.42165135	0.87359049	0.445605	1.2442782	1.2039461	1.5692046	-0.31901601	0.47664286	0.40016159	0.088037228	0.4311388	0.43583834	1.0792415	1.2254708	0.25609709	1.0462752	0.72955283	0.22377717	1.1269495	0.93494215	1.6534828	0.55810256	1.7027505	0.59558382	2.0257352	2.316542	1.8348099	1.0476474	1.5634947	0.38780193	1.0953417	1.5565849	1.5888243	1.4871899	2.2218862	1.9357958	1.7167256	2.3949241	-1.6929596	-1.3310577	-0.83250778	-0.45540408	-1.1534846	-1.8522449	-1.1760238	-1.0583777	-0.41020933	-1.0279812	-0.54993385
3	-1.6591204	-1.0013096	0.34228684	-1.2260096	-0.1731617	-1.4114839	-1.0705067	-0.74977327	-0.75264826	-0.97470965	-1.1844693	-0.69375462	-0.67208712	-1.2442349	-0.70470835	-0.95562658	-0.91030487	-0.43087698	-1.0729946	-1.2600261	-0.93508957	-0.91345644	-1.3167916	-1.0782544	-1.5473056	-0.67088897	-1.0557277	-0.65481015	-0.20693877	-1.2182106	1.7868648	1.7425495	2.0988358	2.0024871	3.0025799	1.4125655	1.7434457	2.0627098	1.7864975	1.3317411	1.7185832	1.0693574	1.2867001	1.1863015	0.6741384	1.1476622	1.4843624	1.2184323	1.1450009	1.0854779	0.88456258	1.5109734	-0.18997935	1.3140008	1.146641	1.3787721	0.98934899	0.36317805	0.14748699	0.58603606	1.1854645	0.75150078	0.60514778	0.47483316	0.96107776	0.52471365	-0.15394245	0.09757418	0.63112687	0.15337559	0.67497771	0.5197087	0.78963056	0.64324918	0.095862338	0.27340345	0.69210055	-0.039582223	-0.01358652	0.6181892	0.029805155	1.0828122	-0.070401903	1.2224032	0.72660739	-0.022053227	0.23243226	-0.11107236	-0.65883041	0.379001	-0.17278053	-0.2248607	-0.74141405	-0.38774294	-0.7880681	-0.7098543	-0.22755127	-0.54368809	0.074652367	0.25284009	-0.13793506	-0.24304022	-0.36089449	-0.029082939	-0.89519288	-0.93695084	-0.79568874	-0.88363538	-0.10457689	-0.66085596	-0.48169108	-1.5252541	-0.38765602	-0.69985226	-1.0019677	-0.69697754	-0.87524965	-0.59231081	-1.7025162	-0.45125575	-0.6771613	-1.0743789	-1.0223796	-0.34106597	-1.5544	-1.5166666	0.11370846	-1.0064522
2	-0.72535432	-0.83786282	-1.013462	-0.46572995	-1.6913581	-0.89411332	-0.94373184	-0.27883962	-1.5188553	-1.5946845	-1.3426236	-1.1202842	-0.80089137	-0.65102328	-0.024403606	-0.5291322	-1.0417177	-1.0352262	-1.0563815	-0.73985536	-1.1202047	-0.83886616	-2.0842919	-1.1412151	-1.5929567	-1.3744438	-1.016551	-1.6013184	-1.4569079	-1.1742737	-0.66798999	-0.57053875	-1.0489678	-0.96978764	-0.44703656	-1.2568505	-0.72478729	-0.67152077	-0.39260961	0.12830997	-0.89664088	-0.45800889	-0.62077804	-0.50049735	-0.18065818	-0.12714237	-0.06160817	-0.052072738	-0.14133932	-0.39546165	0.080395533	-0.47998843	-0.28367625	-0.5465356	-0.52221725	-0.65941612	-0.15194648	-0.13632256	0.39282028	0.4159073	0.27843832	0.3457043	-0.062124093	0.40884745	0.38141793	0.46863013	0.46554928	0.069734945	0.72650576	0.54255497	0.17868992	0.89392427	0.74555567	0.43463263	0.75182315	0.35094056	1.203612	0.85581929	0.7460659	0.67014575	1.3992954	0.96070967	0.8159887	0.78351466	0.40912963	1.1420575	0.59886026	0.80726121	1.3148517	1.285457	0.64119749	0.71836055	1.0515327	1.3008661	1.0566809	1.4653809	1.242815	1.1357449	0.71885287	0.77500503	2.1568583	1.4593949	1.2590034	1.5286297	1.535528	1.1469998	2.3857362	1.9051881	1.3291557	0.92590096	2.2246126	1.6397351	1.4564805	1.9931569	0.87754649	-1.0246523	-0.69016316	-1.4285253	-0.83501556	-0.42552528	-0.18295292	-1.0354717	-0.4272099	-0.95864023	-0.8053724	-0.8015736	-0.61244239	-1.0228857
2	-1.4575411	-0.66812559	-1.1113596	-0.34308432	-0.70083609	-1.6145191	-0.32822282	-1.147196	-0.95955295	-0.9377379	-1.1292483	-0.77008233	0.081621931	-1.2981814	-0.96523733	-0.66715023	-1.0982995	-0.37828312	-0.78065035	-0.56298844	-1.1533463	-0.62034996	-1.2457628	-0.24021575	-0.75377318	-0.90916341	-1.6005188	-1.2602611	-1.171491	-1.463888	-1.087752	-0.59664738	0.032937193	-0.45434653	-0.32232347	0.0080139129	-0.55090489	-1.7238794	-0.71298755	-0.097634314	0.22275197	-0.86164052	-1.3924552	0.56203106	-0.40374644	-0.029286028	0.29781231	-0.051739094	-0.036795326	0.38541702	-0.30506179	-0.20520501	-0.50098755	0.15997844	0.73209654	0.81884275	-0.16115324	-0.27289337	-0.027449222	0.58537765	-0.15495009	0.68361109	-0.34046586	0.39516676	0.26171642	0.26181406	0.99616225	0.453167	0.38757066	0.060823955	1.0198022	-0.12271553	0.15830376	0.33932986	1.6558363	0.70147368	0.72580544	1.0309625	0.93795371	1.0394302	0.51814446	1.1249994	0.83485162	1.5169668	0.96716053	1.3140115	0.44839564	0.40089484	1.121328	1.1704351	1.6531723	1.8671649	1.7502219	0.74047575	1.5378773	0.76780191	1.1107052	0.85943587	1.4732797	0.76201253	1.9532444	2.381494	2.4813646	1.4697867	1.5986863	2.0692537	1.7300932	1.9566998	-1.0528683	-0.23562602	-0.5467875	-0.21907182	-0.47746575	-1.1039967	-1.4644144	-0.27332119	-1.6609621	-0.38858647	-0.74768955	-1.9461114	-0.87893175	-0.15384654	-0.94347048	0.039519147	-0.13596074	-0.71532283	-0.71906618	-1.2017011
1	-1.4113675	-1.2082199	-0.68190674	-1.5045847	-1.1234059	-1.5287978	-1.6484307	-1.2315116	-1.4515667	-1.3356381	-1.6126185	-1.3361607	-1.8873141	-1.6757601	-0.84046076	-1.3367653	-1.4637242	-1.3090239	-1.124379	-1.2461759	-1.6359913	-1.4760013	-1.27784	-1.1442174	-1.3992806	-0.8675101	-1.4461691	-1.9022045	-1.530185	0.3253619	0.46905359	0.56519561	0.71441974	1.1041744	0.61741658	0.73910667	0.81977592	0.37175913	0.79409006	0.64908952	0.80462467	0.7500539	0.79710753	0.59478091	1.0009765	0.68636799	0.88010504	0.61919345	0.51698415	0.75327167	0.51981677	0.4340956	0.72032439	0.53427176	0.39325538	0.82401501	0.74928136	0.41138452	0.73675419	0.69275085	0.39740874	0.2373315	0.91243768	0.62471944	0.13460201	1.3882167	0.50618395	0.69848485	1.0043839	0.54987661	0.21493848	0.019752758	1.0356381	0.47701775	0.33124031	0.43421295	0.82222549	0.76323335	0.049930815	0.45229249	0.69135139	0.62040726	1.0793722	0.61742048	0.79464326	0.56504975	0.87384646	0.64519732	1.0577423	0.8543579	0.69260713	0.64256223	0.94367932	0.63229025	0.52759599	0.68830473	0.82087486	1.649365	0.39503842	0.68197352	0.82732584	0.99891334	0.63845798	0.3610378	1.477854	0.78182392	0.87852312	0.27577444	0.50566809	0.90401424	0.97859124	1.293272	0.97462806	-1.4340929	-0.6300401	-1.3681723	-1.3837793	-1.1988677	-1.1725291	-1.0685065	-1.2353608	-0.95246064	-1.17055	-1.5769658	-1.7424691	-1.1610456	-0.96438276	-1.3161164
3	-0.92710486	-0.64851524	-0.17287512	-0.7542555	0.11078113	-1.4103976	-1.0463559	-1.2347957	-0.50582154	-1.2502605	-0.46382362	-0.11837425	-0.16425306	-0.46862795	-0.6563887	-1.1738252	-1.2733796	-0.21488055	2.8086415	2.4076774	2.1105914	2.4669613	2.1726162	1.0236364	1.8294243	1.3666233	1.6083552	2.2194736	2.5227732	1.3319243	1.5967902	1.801554	1.6334803	2.1201932	0.64525149	1.2115352	1.8037851	1.105054	0.85773651	1.3279825	0.61713361	1.4273792	0.57586309	1.181926	1.7253645	0.50129087	0.93291178	1.1783445	-0.44062186	0.064496214	0.14703889	0.84942907	-0.05718158	0.14111945	-0.33043323	0.035933696	-0.054716307	0.1031288	-0.063526312	-0.6512401	-0.64318833	-0.48373921	-0.24843316	0.10235015	0.0713039	-1.3911057	-0.4056473	-0.5809594	-0.63221197	-0.044700288	-0.70307926	0.027317813	-0.21014471	-0.79460852	0.08572185	-0.32645735	-0.14502813	-0.35012787	-0.21794026	-0.32959185	0.12845749	-0.65713327	-0.94942745	-0.84301918	-0.87619114	0.12382749	-1.2787519	-0.78389721	-1.1164041	-0.050300273	0.19320317	-0.055090669	-0.82713926	-1.5861923	-1.6512917	-0.25974459	-1.0058731	-0.18364477	-0.42933164	-0.69848288	-0.62211002	-0.68543406	-0.25245646	-0.047334874	-1.3660801	-0.64679778	-0.90700572	0.24705217	0.023509268	-0.032746676	-0.2120457	-1.0043928	-0.33741455	-0.25996141	-0.33290546	-1.2483982	-0.37546476	-0.27113862	-0.95298771	-0.1024645	-0.77803014	0.011595386	-0.79037813	-0.51569789	-1.1105685	-0.8728463	0.12931092	-0.14265778
2	-1.4516799	-1.4452721	-1.0735985	-1.2672501	-0.70065033	-1.8999688	-1.5817058	-1.1126308	-1.9280325	-0.86083952	-1.5228447	-0.95691539	-0.73204122	-0.56823565	-1.2497892	-1.5412049	-0.029799833	-1.3522434	-0.95515836	-0.47155622	-0.58745029	-1.4159553	-1.2875925	-0.85261328	-1.2192243	-1.1469607	-1.7564192	-0.033326112	-1.3752193	-1.0021882	-1.4044749	-0.99252528	-0.77984008	-0.44051254	-1.3200567	-0.89838764	-1.0173178	-0.81983388	-0.46342881	-0.70963386	-1.496482	0.016532712	-0.76396304	-0.13328552	-0.45463944	-0.61871839	-0.23258088	0.10300657	0.67268793	-0.59236213	-0.51069962	-0.8851248	-0.30336034	-0.69359809	-0.29782516	-0.076922482	-0.89493707	-1.4067783	-0.033358023	0.26341326	0.27918919	-0.072183903	-0.42987596	-0.045461915	-1.1551774	-0.17694081	-0.46117575	0.24090643	-0.10769848	0.29667178	0.31851847	0.97218367	0.14435346	0.77675192	0.13435869	0.33150148	0.53017282	0.5547353	0.99612201	0.85624398	0.077062292	0.13712406	0.65268908	0.91076513	0.88496379	0.76587962	0.080310314	1.3553746	0.81173041	1.2362628	0.76923799	0.76003096	1.0330856	0.56723511	0.72232941	0.46095677	0.17264386	0.11218754	0.96937029	1.2961085	1.2168816	0.68894202	0.45037272	1.6727502	1.5035008	0.82119717	1.1331489	1.3969595	1.4722824	1.3292399	0.22648234	1.5700914	1.4057299	1.2636841	0.63403971	0.70702897	0.7716836	1.1924778	2.0396389	2.1157507	1.4989544	1.5279886	1.6889006	1.8392142	0.98446914	1.229552	0.83971068	-0.41584243
2	-0.53445246	-0.95435372	-0.80671095	-1.2468315	-0.9643141	-1.2763088	-0.4257909	-1.6539739	-0.023964525	-0.72056942	-0.68575347	-0.898673	-0.32934309	-0.12748655	-1.1907929	-0.45345929	-0.64526752	-1.0656805	-1.1707628	-1.1741661	-1.0604769	-0.18178742	-1.5679436	-1.2026326	-0.92486201	-0.82454917	-0.44795245	-0.57859294	-0.74727689	-0.80173649	-0.1041662	-0.82388476	-1.0478232	-1.0747774	-0.2116211	-0.21832959	-0.41880088	-0.36216037	-0.90240589	-0.28901674	0.18643332	-0.40946663	-0.65047271	-0.45441488	-0.11389351	-0.23384272	-0.35574991	0.042898649	-0.33294606	0.14298342	-0.008987124	-0.6173054	0.44103692	-0.17330465	0.72361554	-0.096600547	0.22278917	-0.23501687	-0.64920345	-0.14862423	-0.19067196	0.67644311	0.45476014	0.26264415	1.0730434	1.434311	0.25411835	0.68366818	0.35172442	0.63615562	0.20832765	0.95536928	0.62506095	1.3248817	1.4984977	0.46366632	1.4486274	1.1001674	1.3802508	1.8540192	1.8953925	1.2114755	-0.41879382	0.4571799	1.3182881	1.0294162	0.75239198	0.6796554	1.8214433	1.500847	1.3801038	1.2322127	1.0090692	2.2597204	1.5351658	0.96748659	1.0935772	1.7500689	1.1729346	1.0836669	1.8194289	1.0551609	1.3133815	2.2057614	2.0762304	1.9704763	1.4070528	-0.871952	-1.0453352	-1.5306803	-0.54196988	-0.39713981	-1.3915764	-0.97516211	-0.88009998	-0.86038397	-0.84691661	-0.62996574	-1.1255683	-0.9760482	-0.71271199	-1.5341267	-0.87642945	-0.49989017	-0.47217788	-0.64063559	-0.94263255	-1.4629324
1	-1.0860401	-1.1993047	-1.1205787	-1.196342	-1.9522055	-1.2724857	-0.58827598	-1.0469528	-1.6139084	-1.1719739	-1.4139494	-0.92861395	-1.0448008	-0.92143405	-1.5816028	-1.3650783	-1.034428	-1.7854559	-1.2352466	-1.386389	-1.5531868	-1.2215104	-1.0011379	-1.1816439	-1.2276562	-1.5200499	-1.3457266	1.0894583	0.92482173	0.54954441	0.26508528	0.97434897	1.3471257	0.70074693	0.48237788	0.71089283	0.28998491	0.41386545	1.4348708	0.60317123	0.43136035	0.44183325	-0.10801411	0.89241544	0.5778934	0.25520178	0.71199748	0.83199552	0.965456	0.30815357	0.94061035	1.1764897	1.1338659	0.96003062	1.378043	1.0122556	0.63538818	0.022833405	0.96524023	0.87364367	0.74033682	0.97808731	0.99425034	0.64214015	1.3323523	1.0190053	0.95613221	0.93795271	0.81969693	0.87205438	0.25787489	0.78018204	0.6738747	0.81724355	0.36534344	0.42070489	0.71688325	0.45373798	0.90722904	0.7640276	0.68000052	0.055896261	0.81799938	0.83918009	0.69545592	1.350489	0.39422792	0.95245537	0.53171127	0.24643864	0.19648507	1.1246435	0.5800074	0.60753531	0.55907619	0.70523947	0.85897981	0.78996608	0.91860586	0.96221154	-0.068002807	0.57405241	0.61099787	0.76679973	0.95294254	1.5433801	0.51082746	-1.110865	-0.72600282	-1.0787104	-0.8191732	-1.3041076	-1.3954518	-0.66780916	-1.5307483	-1.5371718	-1.1159438	-0.70930114	-1.3616049	-1.5906629	-1.1502034	-1.220833	-0.84515792	-1.3918419	-1.3635217	-1.5272032	-1.0520128	-0.90539485
1	-1.6761689	-1.8393631	-1.8336474	-1.9145249	-1.7558387	-1.0183235	-1.1306754	-1.310847	-1.8164125	-1.5676502	-1.7090048	-1.8381577	-2.0375562	-1.920577	-2.0704954	-1.2683563	-1.9104731	-2.3168621	-1.9383861	-1.693126	-1.7763622	-1.869454	-1.5974441	-1.5572653	-2.0565471	-2.010004	-1.5307578	-2.0165547	1.0405238	0.58608303	0.838227	0.04491122	0.14613207	0.53872107	-0.18984699	0.35383571	0.39271314	0.23476025	0.95123132	0.27631157	1.3113603	-0.25559672	0.20765827	0.17435781	-0.12017424	-0.22322986	1.2490056	0.9859258	0.20327761	1.1527532	0.30661086	0.076547755	0.63545113	0.89486513	0.62037778	-0.18845935	-0.15196841	0.33220122	0.60249486	0.51370361	0.74781267	0.38082105	0.78298071	0.44431085	0.2926942	0.091868955	-0.050514032	1.2861439	0.10828169	0.80522684	0.16815878	0.50830141	1.1735297	0.56138322	0.96692876	0.23028482	0.14215412	0.34684179	0.7256266	0.9740705	1.2369683	0.35006262	0.086337202	0.42554094	0.6386707	0.43673008	0.32377344	0.42363	0.74518971	0.93620573	-0.20843484	0.70140051	0.21476109	0.57929527	0.41869057	0.99133055	0.65738846	0.68445105	0.69133326	0.7318944	0.78324686	0.41453156	0.43872652	0.61201751	0.4596104	0.60621759	0.28803009	0.81143206	0.61400665	0.97197918	1.0958187	0.6685207	0.45076538	0.39787657	0.82967223	-0.49899106	-0.075780446	0.68065495	0.55315884	0.58961712	0.42792071	0.31634488	1.1403812	0.085502323	-0.074704775	0.34936945	0.59884996	0.15316933
3	-1.3148891	-1.3508606	-0.57481938	-0.71378316	-1.7298737	-1.1608359	-1.4472945	-0.86289368	-0.67713836	-0.48048624	-1.3897807	-0.83240864	-0.47883842	-1.1849746	-1.254646	0.013948421	-0.55525262	-0.81958545	-0.43060757	-0.36180528	-0.69913679	-0.46318072	-1.0384395	-0.87191076	0.16235142	-1.5517221	-0.56442558	-0.85008979	-1.1442167	1.5509345	1.8843403	1.519006	1.4610599	2.0417409	1.72565	1.6015916	1.9628069	1.3539424	1.2229962	1.7869775	1.8441476	1.478125	1.0144086	1.2597573	1.5939116	1.3652857	1.0879677	1.29133	1.1279737	0.80096498	0.51743737	0.8071123	1.8071121	0.88469884	0.76245922	1.3536524	0.033225248	0.081856416	0.80722973	1.4575662	0.66706767	0.46667079	1.4491513	0.39552379	1.3361334	0.22754556	0.71210972	0.83755704	0.72776525	0.66757774	1.0903951	0.91787054	0.68248621	-0.8617284	0.23863958	0.66677492	-0.91671224	-0.10973655	0.49477458	0.16561391	0.5077004	0.19842167	0.55070789	0.32034168	0.57957328	0.46497222	0.25546615	0.18270159	0.4742114	-1.1201658	0.09455293	0.36385571	-0.51991495	-0.6362482	-0.50799654	-1.0590444	-0.94047199	-0.31047233	-0.76992268	-0.16970389	-0.75705092	-1.2445363	-0.67997309	0.050044479	-0.51713965	-0.77069892	-0.50092022	-0.48101201	-0.2846106	-0.6284647	-0.97608295	-1.4588606	-0.68271444	-0.76352141	-1.1142044	-1.3590803	-1.3662736	-1.3409384	-0.28836919	-0.70969905	-0.58787367	-0.1035496	-1.4629593	-1.2877872	-0.18902547	-1.5767386	-0.83416965	-0.75750669
3	-0.19092144	-0.61605133	-0.59802857	-0.62544699	-0.15250752	-0.76632987	-0.34225875	-0.11039777	0.0021554996	-0.7836308	-0.61089988	0.10658067	-0.81204476	-0.35879075	-0.81303783	-0.70709442	-0.38788188	0.10734169	-0.44572221	-1.1672573	-0.54807132	-1.1710333	-1.5631386	-0.48156384	-1.1722147	-1.6866007	-0.88472583	-0.010229059	2.8985263	2.216239	2.0179622	2.41845	1.40028	1.7994363	1.6969591	2.28646	1.6079591	1.9805331	1.5972157	2.1084371	2.630913	0.32431299	2.0039339	1.375639	1.6066234	1.5629705	1.0942488	1.9989286	0.63682814	1.177158	1.1316542	0.38103701	0.7283275	0.61278084	0.72183866	1.150952	0.74654007	0.26998879	0.68519704	0.91410808	-0.15011308	0.2331992	0.76261503	-0.28149654	-0.16896947	-0.065266808	0.55790055	-0.49276568	0.15904454	-0.089862303	-0.4742977	-0.31061278	0.024008001	-0.80645081	-1.1585527	-0.47445689	-0.31188692	0.021997567	0.65298539	-0.28635215	-1.1408391	-0.41045038	-0.072595054	-0.4788452	-0.95921241	-0.51526047	-1.0869169	-0.78198175	-0.13841975	0.18141411	-0.31050099	-0.19336406	-0.220193	0.28395025	-0.32612753	0.49693344	-1.4000541	-0.52215619	-0.48507168	-0.84675052	0.17722995	-0.33219279	-0.60240288	-0.80517814	0.048044171	-0.302796	0.019922383	-1.1454434	-0.44269311	-0.19879833	-0.67522525	-1.347667	-0.65174383	-1.4385763	-0.97053434	-0.8531605	-0.16028965	-0.36237155	-1.6014369	-0.95189057	-0.96703176	-0.53914716	-1.0602374	-0.86791273	0.20378343	-0.7713976	-0.33574265	-0.47197176
2	-0.19181256	-0.046090166	-1.3652374	-0.90739761	-0.86673694	-1.1901317	-1.1332513	-0.32619413	-0.42989176	-0.37947372	-0.42582009	-0.27383201	-0.5421093	-0.79264571	-0.73954924	-0.39676505	0.78820313	-1.0095844	-1.0214569	0.26665859	-0.40838054	-1.0943337	-0.92151321	-0.46141375	-0.11788893	-0.80826569	0.5702656	-0.93735109	-0.12921794	0.67218407	0.30028264	-0.22392035	0.061306283	0.27272979	0.76057262	-0.42186567	1.0589795	0.72578815	0.79048674	-0.032118388	0.35129577	1.1415081	0.15705084	0.89759319	0.057408278	1.0024135	0.16678456	0.57125101	1.3613683	0.82747445	0.73193346	1.1546761	2.0413699	1.6272471	0.91700658	0.79848527	0.77550279	2.1892254	1.6797414	1.6028206	1.587114	1.9705002	2.6496256	2.7540968	2.8258981	1.2836761	1.4381469	2.6800459	2.131806	2.8742301	-0.24159697	-0.63133376	0.2314321	-0.72163753	-1.3465191	-0.55111404	-0.1406778	-0.50672355	-0.29921359	-0.44019218	-0.1946737	-1.1049204	-1.0818245	-0.60656119	-0.018230952	-1.1479007	-0.51634604	-0.60850863	-0.16648775	0.22935373	0.47883145	-1.348509	-0.59054764	-0.98594824	-1.4470652	-0.30716834	-0.51015645	-0.81438692	-0.12271946	-0.5452598	-0.67938894	-1.1722303	-0.57147522	-0.04000541	-0.8270847	0.035827969	-0.81619452	-1.4790771	-0.3120171	-0.16361039	-0.008755673	-0.9703171	-1.1436149	-0.14764036	-0.84466755	-0.29179904	-0.62226572	0.01125952	-0.47271566	-0.34503809	-0.52733174	0.094133187	-0.76664229	-0.79881009	-0.74040718	0.079962035	-0.64473853	-0.69925319
3	-0.18049272	-0.98893115	-0.30170209	-0.47536458	-1.1352694	-0.057289223	-1.0255147	-0.35605223	-1.5512765	-0.62007436	0.052447554	-0.93545785	0.18916504	0.032050584	-0.70081844	-0.44100229	-1.2125231	-0.95469813	-1.2730096	-0.22575075	-0.23167118	-0.072648984	-1.1073248	-0.98843268	-0.51095916	-1.2916625	1.9794876	2.0700134	1.0395554	2.1136449	1.5694374	1.8155671	1.9137555	2.2225243	1.1951803	1.5397679	2.0773155	1.8811179	2.101956	1.1460387	1.4100143	2.7351157	1.7063369	1.1589091	1.2234244	1.1480847	1.4269333	1.0098808	0.2979778	1.165856	1.4423254	0.64762357	1.5802814	1.3805082	0.24018415	-0.25211067	0.22993742	0.96750387	0.47643634	0.82683125	1.0169161	0.25028391	0.78469542	0.31103807	0.50064757	-0.015492703	0.58123767	0.17356139	0.3819802	-0.61986538	-0.40260496	0.018382095	-0.87388409	-0.44792596	-0.50871366	-0.1905825	-0.80908417	-1.4856297	-0.0063985083	-0.60871124	-1.0593947	-0.53277455	-0.28891723	-0.29350139	-0.48152098	0.0083014809	-0.12306698	-0.22365607	-1.1988651	-0.93456559	-0.48339757	-0.96904932	-1.3685497	-0.21265341	-1.464681	-2.0045652	-0.98808145	-0.56924622	-0.8939485	-0.25888061	-0.52860515	0.22083703	-0.92888178	0.54073917	-0.9377794	-0.64957941	-0.99414082	-0.46471923	-0.5753051	-0.55556299	-0.1369316	-0.83849085	-0.77773196	-0.30341656	-0.65031051	-0.89793295	-0.34821985	0.058047295	-1.483386	-0.19411628	-0.68419541	0.40438718	-0.25844245	-0.13923151	-0.79976687	0.019759525	-0.94213238	0.013120739
3	-0.26588817	0.013127942	-1.0288614	-1.0901081	-1.8820585	-0.5655942	-0.26894619	-0.99572492	-0.59731892	-1.6351115	-0.08039498	-0.35296478	-0.97863246	-0.93836275	-0.79700427	-1.0378784	-0.22083545	-0.75256594	-0.34790408	-0.54974584	-0.83989395	0.16577557	-0.82058959	0.17043701	-0.19562305	-0.16771651	-0.018689042	-1.8193545	-0.56133501	-0.2603243	1.0102741	1.9958148	2.0689189	1.3137435	2.7682704	3.0074897	2.4813077	1.6712791	1.8451293	1.5379286	2.5794682	1.7858915	0.77811844	1.4365508	1.3661197	0.98004482	1.5519894	1.5791769	1.0407761	0.78035092	1.2770931	1.6370519	0.57035135	1.2229991	1.1538672	0.64676806	0.97953963	0.48625305	0.50274601	0.47396303	0.79208774	1.0965073	0.17735374	-0.02494343	0.74715056	-0.62621086	0.75458571	-0.11655055	0.35544912	0.41967301	0.72632371	0.050084305	0.45298782	0.2426207	0.77408957	-0.64985553	-1.0383237	0.010781157	-0.72816293	0.23004206	-0.13793002	0.16797384	0.53609531	-0.56608557	-0.97945765	-0.55974456	-0.73210933	-0.61343642	-1.1595175	-1.1583087	-0.24266225	-0.41708849	-0.12098648	-0.91364668	-0.88291291	-0.61192441	-0.94525603	-0.57688672	-0.91880831	-0.8799629	-0.68048441	-1.1576903	-0.98941468	-0.50845053	-0.53246682	-0.054940746	-1.4022523	-0.39745335	-0.62297756	1.0150523	-0.98007014	-0.41298103	0.004458699	-0.11164402	-0.0022657036	-0.2210145	-0.5582054	-0.67453391	-0.53106131	-0.95256615	-0.43097339	-0.7367405	-0.67087228	-0.6692318	-1.3499637	-0.40554432	-0.93063204	-0.77730274
1	-0.99331525	-0.86941944	-0.34513531	-0.99690263	-1.7425352	-1.5874918	-1.3256724	-1.4403564	-1.2479575	-1.1284271	-1.2283801	-1.5300386	-1.1232394	-0.74055674	-1.1127213	-1.3592374	-0.96512871	-1.1010116	-0.95559012	-0.89125053	-1.7253304	-0.80204541	-0.90679733	-1.1915468	-0.81674442	-0.88905732	-0.82516196	-1.4472326	0.6910064	0.68858377	0.58366106	0.85555986	1.1030254	1.2583014	1.1672337	0.91549682	0.52948368	0.82609106	1.0162801	0.89997316	0.92021327	0.62249335	0.34791477	0.83031441	1.1259322	0.89458992	1.0507245	0.87218722	1.0804476	1.2956721	0.53001033	0.51094571	0.5403258	1.2226683	1.1324517	0.65389235	1.0042315	0.48009269	0.84074081	1.5652768	0.82850945	1.0977412	1.0064765	0.81694658	0.5472651	0.2890393	0.77089542	0.63850346	0.51423648	1.1087905	0.64572451	0.95856423	1.0223428	0.7961917	1.0128395	1.4103904	0.42841327	0.69654772	0.71962016	0.41732416	0.88260555	1.1400573	1.587843	1.3297604	1.251566	0.55293607	1.1342261	1.2679424	0.83754173	1.1141439	0.4057268	1.1670415	0.32157638	0.38995827	0.68733026	0.85897314	1.5531322	-0.74530347	-1.0565726	-0.71709464	-0.97293723	-1.2045143	-1.1297703	-1.0605064	-0.83042165	-0.917643	-0.84730283	-0.79779742	-1.6820651	-0.68949721	-1.0339823	-0.8908132	-0.64021358	-0.84529122	-1.0201387	-0.40586891	-0.73054385	-1.1521869	-0.85923243	-1.0586327	-0.11725252	-1.2548128	-0.48167128	-1.2181962	-1.2254463	-1.1708605	-1.3251094	-0.89458237
